{"stats":{"minecraft:custom":{"minecraft:mob_kills":40,"minecraft:interact_with_crafting_table":12,"minecraft:damage_dealt_resisted":1148,"minecraft:leave_game":5,"minecraft:time_since_death":48329,"minecraft:climb_one_cm":8816,"minecraft:sprint_one_cm":754302,"minecraft:walk_one_cm":646072,"minecraft:damage_blocked_by_shield":185,"minecraft:drop":62,"minecraft:talked_to_villager":1,"minecraft:play_time":124884,"minecraft:deaths":18,"minecraft:sneak_time":6781,"minecraft:walk_under_water_one_cm":10292,"minecraft:boat_one_cm":27540,"minecraft:jump":2688,"minecraft:walk_on_water_one_cm":46383,"minecraft:total_world_time":124884,"minecraft:sleep_in_bed":3,"minecraft:time_since_rest":48082,"minecraft:damage_taken":4005,"minecraft:damage_absorbed":46,"minecraft:damage_dealt":7483,"minecraft:swim_one_cm":74865,"minecraft:fly_one_cm":1070886,"minecraft:open_chest":23,"minecraft:crouch_one_cm":11979,"tombstone:undead_killed":17,"minecraft:fall_one_cm":46716},"minecraft:picked_up":{"minecraft:crafting_table":9,"iceandfire:witherbone":1,"iceandfire:fire_lily":1,"minecraft:diamond_sword":2,"iceandfire:manuscript":3,"minecraft:string":10,"minecraft:red_bed":2,"minecraft:raw_copper":16,"minecraft:iron_leggings":1,"soulslikeuniverse:hollowsoul":3,"minecraft:gold_nugget":196,"minecraft:cobbled_deepslate":15,"minecraft:beef":1,"minecraft:oak_boat":2,"minecraft:jungle_sapling":1,"minecraft:melon_slice":11,"minecraft:iron_boots":1,"minecraft:stick":9,"minecraft:acacia_log":7,"minecraft:porkchop":27,"epicfight:skillbook":4,"tombstone:grave_dust":4,"minecraft:pointed_dripstone":1,"soulslikeuniverse:round_leggings":1,"minecraft:rotten_flesh":7,"minecraft:arrow":2,"soulslikeuniverse:estusflask":7,"soulslikeuniverse:roundshield":1,"minecraft:nether_bricks":7,"minecraft:hay_block":16,"minecraft:saddle":2,"soulslikeuniverse:repairstone":2,"minecraft:mutton":4,"minecraft:cobblestone":40,"minecraft:white_wool":3,"minecraft:lime_bed":4,"minecraft:jungle_log":12,"minecraft:leather":3,"minecraft:tuff":4,"minecraft:oak_log":11,"minecraft:chainmail_chestplate":1,"minecraft:gunpowder":1,"minecraft:lapis_lazuli":4,"minecraft:dirt":6,"soulslikeuniverse:giantsoul":2,"minecraft:bone":6,"minecraft:red_nether_brick_stairs":1,"minecraft:acacia_planks":8,"minecraft:wheat_seeds":2,"minecraft:warped_stem":4,"minecraft:iron_ingot":4,"minecraft:rabbit":1,"minecraft:oak_planks":9,"minecraft:ghast_tear":1,"iceandfire:copper_nugget":24,"minecraft:cracked_nether_bricks":1,"soulslikeuniverse:royalknight_helmet":1,"minecraft:gravel":3,"minecraft:nether_brick_stairs":2,"minecraft:spider_eye":1,"iceandfire:chared_cobblestone":1,"minecraft:bundle":1,"travelersbackpack:standard":1,"minecraft:iron_helmet":1,"minecraft:granite":7,"minecraft:bread":32,"minecraft:emerald":1,"soulslikeuniverse:knightsoul":3,"minecraft:oak_sapling":4,"minecraft:netherrack":42,"minecraft:coal":3,"iceandfire:raw_silver":4},"minecraft:used":{"minecraft:iron_sword":135,"minecraft:red_nether_brick_stairs":1,"minecraft:rotten_flesh":1,"minecraft:dirt":5,"minecraft:nether_bricks":6,"minecraft:chainmail_chestplate":1,"minecraft:granite":7,"minecraft:nether_brick_stairs":2,"soulslikeuniverse:estusflask":8,"minecraft:oak_sapling":3,"soulslikeuniverse:roundshield":6,"tombstone:gift":4,"minecraft:acacia_planks":8,"minecraft:pointed_dripstone":1,"epicfight:skillbook":5,"minecraft:rabbit":1,"minecraft:stone_pickaxe":131,"minecraft:oak_planks":11,"minecraft:wooden_pickaxe":10,"minecraft:white_wool":2,"minecraft:lime_bed":4,"minecraft:crafting_table":9,"minecraft:red_bed":1,"minecraft:wooden_hoe":10,"minecraft:melon_slice":11,"minecraft:bread":40,"minecraft:gravel":2,"minecraft:stone_axe":37,"minecraft:diamond_sword":75,"travelersbackpack:standard":2,"minecraft:porkchop":8,"minecraft:oak_boat":2,"soulslikeuniverse:dagger":28},"minecraft:mined":{"minecraft:tuff":4,"iceandfire:silver_ore":3,"minecraft:jungle_leaves":3,"minecraft:granite":7,"minecraft:acacia_log":7,"minecraft:grass_block":3,"minecraft:jungle_log":12,"travelersbackpack:white_sleeping_bag":1,"minecraft:hay_block":16,"minecraft:nether_sprouts":1,"minecraft:fire":2,"iceandfire:gold_pile":16,"minecraft:vine":1,"minecraft:warped_stem":4,"minecraft:stone":39,"minecraft:acacia_leaves":2,"minecraft:red_bed":2,"minecraft:crafting_table":9,"minecraft:melon":2,"minecraft:dead_bush":10,"iceandfire:fire_lily":1,"minecraft:tall_grass":4,"minecraft:copper_ore":2,"minecraft:oak_planks":8,"minecraft:lime_bed":4,"minecraft:grass":20,"minecraft:oak_log":11,"minecraft:gravel":3,"minecraft:dirt":6,"minecraft:acacia_planks":8,"minecraft:netherrack":48,"minecraft:oak_leaves":1,"minecraft:deepslate":36,"minecraft:fern":3},"minecraft:dropped":{"minecraft:iron_ingot":2,"minecraft:bread":15,"iceandfire:raw_silver":1,"minecraft:porkchop":12,"minecraft:wheat_seeds":1,"minecraft:saddle":1,"minecraft:coal":3,"minecraft:dirt":1,"iceandfire:copper_nugget":24,"minecraft:wooden_hoe":1,"minecraft:gold_nugget":2,"minecraft:string":9,"minecraft:bone":3,"minecraft:gravel":1,"soulslikeuniverse:knightsoul":1,"minecraft:raw_copper":16,"soulslikeuniverse:repairstone":1,"soulslikeuniverse:dagger":1,"iceandfire:witherbone":1,"iceandfire:fire_lily":1,"soulslikeuniverse:estusflask":1,"minecraft:nether_bricks":1,"minecraft:diamond_sword":2,"travelersbackpack:white_sleeping_bag":1,"minecraft:wooden_pickaxe":1,"minecraft:cracked_nether_bricks":1,"epicfight:skillbook":1,"iceandfire:manuscript":3},"minecraft:killed":{"soulslikeuniverse:hollowknight":1,"minecraft:spider":2,"minecraft:horse":1,"minecraft:skeleton":2,"soulslikeuniverse:thief":1,"soulslikeuniverse:siegmeyer":1,"soulslikeuniverse:monsterhollow":3,"soulslikeuniverse:solaire":1,"minecraft:pig":7,"soulslikeuniverse:mountedknight":1,"minecraft:creeper":2,"iceandfire:cockatrice":1,"minecraft:sheep":3,"minecraft:zombie":7,"iceandfire:ghost":1,"soulslikeuniverse:nobleknight":1,"soulslikeuniverse:monstergodricksoldier":1,"minecraft:wither_skeleton":1,"minecraft:blaze":1,"minecraft:cow":1},"minecraft:crafted":{"minecraft:oak_planks":24,"travelersbackpack:white_sleeping_bag":1,"minecraft:stone_pickaxe":2,"minecraft:golden_boots":1,"minecraft:wheat":144,"minecraft:crafting_table":2,"minecraft:wooden_pickaxe":1,"minecraft:iron_sword":1,"minecraft:stone_axe":1,"minecraft:bread":42,"minecraft:oak_boat":1,"minecraft:wooden_hoe":1,"minecraft:stick":8,"minecraft:gold_ingot":28,"minecraft:acacia_planks":28},"minecraft:broken":{"minecraft:stone_pickaxe":1},"minecraft:killed_by":{"soulslikeuniverse:berserker":1,"soulslikeuniverse:monstergodricksoldier":7,"minecraft:skeleton":1,"soulslikeuniverse:mountedknight":5,"iceandfire:ghost":2,"iceandfire:fire_dragon":2}},"DataVersion":3465}